,Serial,SMILES,Bit_0,Bit_1,Bit_2,Bit_3,Bit_4,Bit_5,Bit_6,Bit_7,Bit_8,Bit_9,Bit_10,Bit_11,Bit_12,Bit_13,Bit_14,Bit_15,Bit_16,Bit_17,Bit_18,Bit_19,Bit_20,Bit_21,Bit_22,Bit_23,Bit_24,TC,SA,Gen
0,"[21, 3, 8, 13, 14]",O=C(Oc1ccc(c2ccc3oc([*])nc3c2)cc1)Nc1ccc(Nc2ccc3[nH]c([*])nc3c2)cc1,1.0,0.0,1.0,0.0,1.0,0.0,0.0,0.0,1.0,1.0,0.0,1.0,0.0,0.0,0.0,0.0,1.0,1.0,0.0,1.0,0.0,1.0,1.0,1.0,0.0,0.366,-3.195527713850467,0
1,"[23, 20, 11, 12, 5]",O=C(C=CC(=O)NC(=O)C(=O)NNC(=O)c1ccc(C(=O)c2ncc(c3ccc4cc([*])ccc4c3)cn2)cc1)N[*],1.0,0.0,1.0,1.0,1.0,1.0,0.0,1.0,0.0,0.0,0.0,1.0,0.0,1.0,1.0,0.0,1.0,1.0,0.0,0.0,0.0,0.0,1.0,0.0,1.0,0.424,-3.5758333742493127,0
2,"[9, 21, 0, 26, 15]",O=C(C=Cc1ccc2oc(c3ccc([*])o3)nc2c1)c1ccc(Nc2ccc3nc([*])[nH]c3c2)cc1,0.0,1.0,0.0,0.0,1.0,1.0,0.0,1.0,0.0,1.0,0.0,0.0,0.0,0.0,0.0,1.0,1.0,0.0,1.0,0.0,0.0,1.0,1.0,1.0,1.0,0.363,-3.4166568896830825,0
3,"[13, 14, 1, 12, 8]",O=C(O[*])c1cnc(CCCCCCc2nc3cc(Nc4ccc(N[*])cc4)ccc3[nH]2)nc1,0.0,1.0,1.0,0.0,1.0,0.0,1.0,1.0,1.0,0.0,0.0,0.0,0.0,0.0,1.0,0.0,1.0,1.0,0.0,0.0,0.0,1.0,0.0,0.0,0.0,0.328,-3.3066090644509885,0
4,"[4, 27, 30, 10, 23]",O=C(C=CC(=O)NC(=O)C=CC(=O)n1c(=O)c2cc3c(=O)n(N4C(=O)c5ccc(c6ccc([*])[nH]6)cc5C4=O)c(=O)c3cc2c1=O)N[*],0.0,0.0,1.0,0.0,0.0,1.0,1.0,0.0,1.0,1.0,1.0,1.0,1.0,1.0,0.0,0.0,1.0,0.0,1.0,0.0,1.0,0.0,1.0,1.0,1.0,0.409,-4.18153548924348,0
5,"[11, 23, 27, 21, 8]",O=C(C=CC(=O)NN1C(=O)c2ccc(c3nc4cc(C(=O)O[*])ccc4o3)cc2C1=O)NC(=O)c1ccc(C(=O)[*])cc1,0.0,1.0,0.0,1.0,1.0,1.0,0.0,1.0,1.0,1.0,1.0,1.0,0.0,1.0,1.0,1.0,0.0,1.0,0.0,1.0,0.0,1.0,0.0,0.0,0.0,0.347,-3.4902853915409953,0
6,"[1, 9, 1, 24, 5]",O=C(C=CC(=O)c1ccc2cc([*])ccc2c1)NCCCCCCc1ccc(CCCCCC[*])o1,0.0,0.0,0.0,0.0,1.0,0.0,1.0,0.0,0.0,1.0,0.0,0.0,0.0,0.0,1.0,1.0,1.0,0.0,0.0,0.0,0.0,0.0,1.0,0.0,1.0,0.272,-3.4142723461496933,0
7,"[31, 28, 20, 21, 21]",O=C(NNNC(=O)c1ccc(C(=O)N2C(=O)c3cc4cc5c(cc4cc3C2=O)Cc2cc3cc4c(cc3cc2C5)C(=O)N([*])C4=O)cc1)C(=O)c1nc2cc(c3nc4cc([*])ccc4o3)ccc2o1,1.0,1.0,1.0,1.0,1.0,1.0,1.0,1.0,0.0,0.0,1.0,0.0,1.0,0.0,0.0,1.0,0.0,1.0,0.0,1.0,1.0,0.0,1.0,0.0,1.0,0.367,-4.552403458713145,0
8,"[9, 2, 18, 16, 1]",O=C(NCC#CC=Cc1ccc([*])o1)Nc1nc2cc3nc(CCCCCC[*])[nH]c3cc2[nH]1,0.0,1.0,0.0,0.0,1.0,0.0,0.0,0.0,1.0,0.0,1.0,0.0,0.0,1.0,0.0,1.0,0.0,0.0,0.0,0.0,0.0,0.0,0.0,0.0,1.0,0.305,-3.986091581933506,0
9,"[25, 18, 1, 28, 31]",O=C(NCCCCCCCC(=O)c1ccc(C(=O)NN2C(=O)c3cc4cc5c(cc4cc3C2=O)Cc2cc3cc4c(cc3cc2C5)C(=O)N([*])C4=O)cc1)NNC(=O)c1ccc([*])cc1,1.0,1.0,0.0,0.0,1.0,1.0,0.0,0.0,1.0,0.0,0.0,0.0,0.0,0.0,1.0,1.0,1.0,1.0,0.0,0.0,1.0,1.0,1.0,1.0,1.0,0.267,-4.088268952066095,0
10,"[29, 3, 8, 13, 14]",O=C([*])Nc1ccc(NC(=O)c2ccc(OC(=O)Nc3ccc(Nc4ccc5[nH]c([*])nc5c4)cc3)cc2)cc1,1.0,1.0,1.0,0.0,1.0,0.0,0.0,0.0,1.0,1.0,0.0,1.0,0.0,0.0,0.0,0.0,1.0,1.0,0.0,1.0,0.0,1.0,1.0,1.0,0.0,0.413,-2.993802402301723,1
11,"[25, 8, 0, 28, 29]",O=C([*])Nc1ccc(NC(=O)NC(=O)c2ccc(C(=O)C=COC(=O)NC(=O)c3ccc([*])cc3)cc2)cc1,1.0,1.0,0.0,0.0,1.0,0.0,1.0,0.0,0.0,0.0,0.0,0.0,0.0,0.0,0.0,1.0,1.0,1.0,0.0,0.0,1.0,1.0,1.0,0.0,1.0,0.58,-3.2917606920251234,1
12,"[29, 1, 0, 26, 14]",O=C([*])Nc1ccc(NC(=O)CCCCCCC=CC(=O)c2ccc(Nc3ccc4[nH]c([*])nc4c3)cc2)cc1,1.0,1.0,1.0,0.0,1.0,0.0,0.0,0.0,0.0,1.0,0.0,0.0,0.0,0.0,0.0,1.0,1.0,0.0,1.0,0.0,0.0,1.0,1.0,1.0,0.0,0.396,-3.1899674859137646,1
14,"[29, 28, 20, 5, 21]",O=C([*])Nc1ccc(NC(=O)C(=O)c2ccc(C(=O)NNNC(=O)C(=O)c3ccc4cc(c5nc6cc([*])ccc6o5)ccc4c3)cc2)cc1,1.0,1.0,1.0,0.0,1.0,1.0,1.0,1.0,0.0,0.0,1.0,0.0,1.0,0.0,0.0,0.0,0.0,1.0,0.0,1.0,1.0,0.0,1.0,0.0,1.0,0.431,-3.59623765092571,1
22,"[28, 29, 8, 29, 6]",O=C(Nc1ccc(NC(=O)OC(=O)C(=O)Nc2ccc(NC(=O)c3ccc4c(c3)Cc3cc([*])ccc3-4)cc2)cc1)NC(=O)c1ccc(C(=O)[*])cc1,1.0,1.0,1.0,0.0,0.0,1.0,1.0,1.0,0.0,1.0,0.0,1.0,0.0,0.0,0.0,1.0,1.0,1.0,0.0,1.0,0.0,0.0,1.0,1.0,0.0,0.623,-3.4459823743882483,2
26,"[25, 8, 16, 28, 29]",O=C([*])Nc1ccc(NC(=O)NC(=O)c2ccc(C(=O)c3nc4cc5nc(OC(=O)NC(=O)c6ccc([*])cc6)[nH]c5cc4[nH]3)cc2)cc1,1.0,1.0,0.0,0.0,1.0,0.0,1.0,0.0,0.0,0.0,1.0,0.0,0.0,0.0,0.0,1.0,1.0,1.0,0.0,0.0,1.0,1.0,1.0,0.0,1.0,0.548,-3.6284895901904406,2
27,"[29, 2, 20, 5, 21]",O=C([*])Nc1ccc(NC(=O)C=CC#CNNC(=O)C(=O)c2ccc3cc(c4nc5cc([*])ccc5o4)ccc3c2)cc1,1.0,1.0,1.0,0.0,1.0,0.0,0.0,0.0,1.0,0.0,1.0,0.0,1.0,0.0,0.0,0.0,0.0,1.0,0.0,1.0,1.0,0.0,1.0,0.0,1.0,0.403,-3.8050374834734537,2
29,"[29, 3, 9, 13, 14]",O=C([*])Nc1ccc(NC(=O)c2ccc(c3ccc(Nc4ccc(Nc5ccc6[nH]c([*])nc6c5)cc4)o3)cc2)cc1,1.0,1.0,1.0,0.0,1.0,0.0,0.0,0.0,1.0,1.0,0.0,1.0,0.0,0.0,1.0,0.0,1.0,1.0,0.0,1.0,0.0,1.0,1.0,1.0,0.0,0.389,-3.2238477543121506,2
33,"[29, 3, 8, 26, 5]",O=C([*])Nc1ccc(NC(=O)c2ccc(OC(=O)C(=O)c3ccc(Nc4ccc5cc([*])ccc5c4)cc3)cc2)cc1,1.0,1.0,1.0,0.0,1.0,0.0,0.0,0.0,1.0,1.0,0.0,1.0,0.0,0.0,0.0,1.0,1.0,0.0,1.0,0.0,0.0,0.0,1.0,0.0,1.0,0.387,-3.052292735396639,3
34,"[29, 1, 0, 26, 15]",O=C([*])Nc1ccc(NC(=O)CCCCCCC=CC(=O)c2ccc(Nc3ccc4nc([*])[nH]c4c3)cc2)cc1,1.0,1.0,1.0,0.0,1.0,0.0,0.0,0.0,0.0,1.0,0.0,0.0,0.0,0.0,0.0,1.0,1.0,0.0,1.0,0.0,0.0,1.0,1.0,1.0,1.0,0.396,-3.1770556464488813,3
35,"[25, 8, 11, 12, 29]",O=C([*])Nc1ccc(NC(=O)c2cnc(C(=O)c3ccc(C(=O)OC(=O)NC(=O)c4ccc([*])cc4)cc3)nc2)cc1,1.0,1.0,0.0,0.0,1.0,0.0,1.0,0.0,0.0,0.0,0.0,1.0,0.0,1.0,1.0,0.0,1.0,1.0,0.0,0.0,1.0,1.0,1.0,0.0,1.0,0.544,-3.3113119922414906,3
38,"[29, 19, 9, 13, 5]",O=C([*])Nc1ccc(NC(=O)C(=O)NNC(=O)c2ccc(Nc3ccc(Nc4ccc5cc([*])ccc5c4)cc3)o2)cc1,1.0,1.0,1.0,0.0,1.0,1.0,0.0,0.0,1.0,1.0,0.0,1.0,0.0,0.0,1.0,0.0,1.0,1.0,0.0,1.0,0.0,0.0,1.0,0.0,1.0,0.405,-3.3410821363815195,3
39,"[24, 29, 8, 13, 6]",O=C(C=CC(=O)C(=O)Nc1ccc(NC(=O)OC(=O)Nc2ccc(Nc3ccc4c(c3)Cc3cc([*])ccc3-4)cc2)cc1)N[*],1.0,1.0,0.0,0.0,0.0,1.0,1.0,1.0,0.0,1.0,0.0,1.0,0.0,0.0,0.0,0.0,1.0,1.0,0.0,1.0,0.0,0.0,1.0,1.0,0.0,0.481,-3.5502614616738413,3
43,"[28, 29, 13, 12, 15]",O=C(Nc1ccc(NC(=O)Nc2ccc(Nc3ncc(c4ccc5nc([*])[nH]c5c4)cn3)cc2)cc1)NC(=O)c1ccc(C(=O)[*])cc1,1.0,1.0,1.0,0.0,0.0,1.0,1.0,1.0,0.0,1.0,0.0,1.0,1.0,0.0,1.0,0.0,1.0,1.0,0.0,0.0,0.0,1.0,1.0,1.0,1.0,0.578,-3.243374376443237,4
44,"[29, 3, 0, 26, 14]",O=C([*])Nc1ccc(NC(=O)c2ccc(C=CC(=O)c3ccc(Nc4ccc5[nH]c([*])nc5c4)cc3)cc2)cc1,1.0,1.0,1.0,0.0,1.0,0.0,0.0,0.0,1.0,1.0,0.0,0.0,0.0,0.0,0.0,1.0,1.0,0.0,1.0,0.0,0.0,1.0,1.0,1.0,0.0,0.455,-3.0388806631712892,4
46,"[29, 3, 8, 24, 5]",O=C([*])Nc1ccc(NC(=O)c2ccc(OC(=O)NC(=O)C=CC(=O)c3ccc4cc([*])ccc4c3)cc2)cc1,1.0,1.0,1.0,0.0,1.0,0.0,0.0,0.0,1.0,1.0,0.0,1.0,0.0,0.0,0.0,1.0,1.0,0.0,0.0,0.0,0.0,0.0,1.0,0.0,1.0,0.397,-3.1967153202879324,4
54,"[28, 24, 0, 28, 13]",O=C(C=CC(=O)C=CC(=O)c1ccc(C(=O)NNc2ccc(N[*])cc2)cc1)NNC(=O)c1ccc(C(=O)[*])cc1,1.0,1.0,1.0,0.0,0.0,1.0,1.0,0.0,0.0,0.0,0.0,0.0,0.0,0.0,0.0,1.0,1.0,1.0,0.0,0.0,0.0,1.0,1.0,0.0,1.0,0.681,-3.317072641975151,5
55,"[25, 13, 13, 12, 29]",O=C([*])Nc1ccc(NC(=O)c2cnc(Nc3ccc(NNc4ccc(NNC(=O)c5ccc([*])cc5)cc4)cc3)nc2)cc1,1.0,1.0,0.0,0.0,1.0,0.0,1.0,1.0,0.0,1.0,0.0,1.0,1.0,0.0,1.0,0.0,1.0,1.0,0.0,0.0,1.0,1.0,1.0,0.0,1.0,0.486,-3.2290850318827706,5
58,"[29, 3, 8, 26, 14]",O=C([*])Nc1ccc(NC(=O)c2ccc(OC(=O)C(=O)c3ccc(Nc4ccc5[nH]c([*])nc5c4)cc3)cc2)cc1,1.0,1.0,1.0,0.0,1.0,0.0,0.0,0.0,1.0,1.0,0.0,1.0,0.0,0.0,0.0,1.0,1.0,0.0,1.0,0.0,0.0,1.0,1.0,1.0,0.0,0.438,-3.109919382391924,5
63,"[28, 29, 12, 13, 15]",O=C(Nc1ccc(NC(=O)c2cnc(Nc3ccc(Nc4ccc5nc([*])[nH]c5c4)cc3)nc2)cc1)NC(=O)c1ccc(C(=O)[*])cc1,1.0,1.0,1.0,0.0,0.0,1.0,1.0,1.0,0.0,1.0,0.0,1.0,1.0,0.0,0.0,0.0,1.0,1.0,0.0,1.0,0.0,1.0,1.0,1.0,1.0,0.609,-3.251009827948252,6
64,"[29, 3, 0, 29, 6]",O=C([*])Nc1ccc(NC(=O)c2ccc(C=CC(=O)Nc3ccc(NC(=O)c4ccc5c(c4)Cc4cc([*])ccc4-5)cc3)cc2)cc1,1.0,1.0,1.0,0.0,1.0,0.0,0.0,0.0,1.0,1.0,0.0,0.0,0.0,0.0,0.0,1.0,1.0,1.0,0.0,1.0,0.0,0.0,1.0,1.0,0.0,0.459,-3.1314565451233545,6
65,"[28, 29, 12, 26, 7]",O=C(Nc1ccc(NC(=O)c2cnc(C(=O)c3ccc(NOC[*])cc3)nc2)cc1)NC(=O)c1ccc(C(=O)[*])cc1,1.0,1.0,1.0,0.0,0.0,1.0,1.0,1.0,0.0,1.0,0.0,1.0,1.0,0.0,0.0,1.0,1.0,0.0,1.0,0.0,0.0,0.0,1.0,1.0,1.0,0.606,-3.228546109669426,6
75,"[29, 11, 8, 29, 7]",O=C([*])Nc1ccc(NC(=O)C(=O)c2ccc(C(=O)OC(=O)C(=O)Nc3ccc(NC(=O)OC[*])cc3)cc2)cc1,1.0,1.0,1.0,0.0,1.0,0.0,1.0,0.0,1.0,1.0,0.0,1.0,0.0,0.0,0.0,1.0,1.0,1.0,0.0,1.0,0.0,0.0,1.0,1.0,1.0,0.477,-3.1672016931985265,7
76,"[29, 5, 28, 13, 14]",O=C([*])Nc1ccc(NC(=O)c2ccc3cc(NC(=O)c4ccc(C(=O)Nc5ccc(Nc6ccc7[nH]c([*])nc7c6)cc5)cc4)ccc3c2)cc1,1.0,1.0,1.0,0.0,1.0,0.0,0.0,1.0,0.0,1.0,1.0,1.0,1.0,0.0,0.0,0.0,1.0,1.0,0.0,1.0,0.0,1.0,1.0,1.0,0.0,0.472,-3.0993534558985107,7
82,"[28, 26, 0, 28, 13]",O=C([*])c1ccc(C(=O)NC(=O)c2ccc(NC=CC(=O)c3ccc(C(=O)NNc4ccc(N[*])cc4)cc3)cc2)cc1,1.0,1.0,1.0,0.0,0.0,1.0,1.0,0.0,1.0,0.0,0.0,0.0,0.0,0.0,0.0,1.0,1.0,1.0,0.0,0.0,0.0,1.0,1.0,0.0,1.0,0.776,-3.1162919765621844,8
83,"[29, 11, 8, 29, 13]",O=C([*])Nc1ccc(NC(=O)C(=O)c2ccc(C(=O)OC(=O)C(=O)Nc3ccc(NC(=O)Nc4ccc(N[*])cc4)cc3)cc2)cc1,1.0,1.0,1.0,0.0,1.0,0.0,1.0,0.0,1.0,1.0,0.0,1.0,0.0,0.0,0.0,1.0,1.0,1.0,0.0,1.0,0.0,1.0,1.0,0.0,1.0,0.573,-3.0728992960882753,8
84,"[28, 29, 28, 13, 14]",O=C(Nc1ccc(NC(=O)NC(=O)c2ccc(C(=O)Nc3ccc(Nc4ccc5[nH]c([*])nc5c4)cc3)cc2)cc1)NC(=O)c1ccc(C(=O)[*])cc1,1.0,1.0,1.0,0.0,0.0,1.0,1.0,1.0,0.0,1.0,1.0,1.0,1.0,0.0,0.0,0.0,1.0,1.0,0.0,1.0,0.0,1.0,1.0,1.0,0.0,0.736,-3.1737280755122885,8
87,"[28, 24, 0, 29, 13]",O=C(C=CC(=O)C=CC(=O)Nc1ccc(NC(=O)Nc2ccc(N[*])cc2)cc1)NNC(=O)c1ccc(C(=O)[*])cc1,1.0,1.0,1.0,0.0,0.0,1.0,1.0,0.0,0.0,0.0,0.0,0.0,0.0,0.0,0.0,1.0,1.0,1.0,0.0,1.0,0.0,1.0,1.0,0.0,1.0,0.721,-3.1982797889970564,8
93,"[29, 3, 8, 13, 15]",O=C([*])Nc1ccc(NC(=O)c2ccc(OC(=O)Nc3ccc(Nc4ccc5nc([*])[nH]c5c4)cc3)cc2)cc1,1.0,1.0,1.0,0.0,1.0,0.0,0.0,0.0,1.0,1.0,0.0,1.0,0.0,0.0,0.0,0.0,1.0,1.0,0.0,1.0,0.0,1.0,1.0,1.0,1.0,0.413,-2.9808905628368425,9
101,"[28, 29, 28, 13, 12]",O=C(Nc1ccc(NC(=O)NC(=O)c2ccc(C(=O)Nc3ccc(Nc4ncc([*])cn4)cc3)cc2)cc1)NC(=O)c1ccc(C(=O)[*])cc1,1.0,1.0,1.0,0.0,0.0,1.0,1.0,1.0,0.0,1.0,1.0,1.0,1.0,0.0,0.0,0.0,1.0,1.0,0.0,1.0,0.0,1.0,1.0,0.0,0.0,0.789,-3.037425245893714,10
105,"[28, 26, 0, 28, 29]",O=C([*])Nc1ccc(NC(=O)NC(=O)c2ccc(C(=O)C=CNc3ccc(C(=O)NC(=O)c4ccc(C(=O)[*])cc4)cc3)cc2)cc1,1.0,1.0,1.0,0.0,0.0,1.0,1.0,0.0,1.0,0.0,0.0,0.0,0.0,0.0,0.0,1.0,1.0,1.0,0.0,0.0,1.0,1.0,1.0,0.0,1.0,0.744,-3.054962363545946,10
109,"[29, 3, 12, 26, 13]",O=C([*])Nc1ccc(NC(=O)c2ccc(c3cnc(C(=O)c4ccc(NNc5ccc(N[*])cc5)cc4)nc3)cc2)cc1,1.0,1.0,1.0,0.0,1.0,0.0,0.0,0.0,1.0,1.0,0.0,1.0,1.0,0.0,0.0,1.0,1.0,0.0,1.0,0.0,0.0,1.0,1.0,0.0,1.0,0.505,-3.1350351806228813,10
111,"[29, 7, 8, 29, 29]",O=C([*])Nc1ccc(NC(=O)OCOC(=O)C(=O)Nc2ccc(NC(=O)C(=O)Nc3ccc(NC(=O)[*])cc3)cc2)cc1,1.0,1.0,1.0,0.0,1.0,0.0,0.0,1.0,1.0,1.0,0.0,1.0,0.0,0.0,0.0,1.0,1.0,1.0,0.0,1.0,1.0,1.0,1.0,0.0,1.0,0.527,-2.8992005518452633,11
112,"[28, 26, 0, 26, 29]",O=C([*])Nc1ccc(NC(=O)Nc2ccc(C(=O)C=CNc3ccc(C(=O)NC(=O)c4ccc(C(=O)[*])cc4)cc3)cc2)cc1,1.0,1.0,1.0,0.0,0.0,1.0,1.0,0.0,1.0,0.0,0.0,0.0,0.0,0.0,0.0,1.0,1.0,0.0,1.0,0.0,1.0,1.0,1.0,0.0,1.0,0.744,-2.988929755280598,11
114,"[29, 3, 0, 26, 13]",O=C([*])Nc1ccc(NC(=O)c2ccc(C=CC(=O)c3ccc(NNc4ccc(N[*])cc4)cc3)cc2)cc1,1.0,1.0,1.0,0.0,1.0,0.0,0.0,0.0,1.0,1.0,0.0,0.0,0.0,0.0,0.0,1.0,1.0,0.0,1.0,0.0,0.0,1.0,1.0,0.0,1.0,0.487,-2.9470547375438247,11
126,"[29, 7, 8, 29, 25]",O=C([*])Nc1ccc(NC(=O)OCOC(=O)C(=O)Nc2ccc(NC(=O)c3ccc(C(=O)N[*])cc3)cc2)cc1,1.0,1.0,1.0,0.0,1.0,0.0,0.0,1.0,1.0,1.0,0.0,1.0,0.0,0.0,0.0,1.0,1.0,1.0,0.0,1.0,1.0,1.0,0.0,0.0,1.0,0.575,-2.9896840745425273,12
127,"[28, 11, 8, 29, 13]",O=C(Nc1ccc(NC(=O)Nc2ccc(N[*])cc2)cc1)C(=O)OC(=O)c1ccc(C(=O)NC(=O)c2ccc(C(=O)[*])cc2)cc1,1.0,1.0,1.0,0.0,0.0,0.0,1.0,0.0,1.0,1.0,0.0,1.0,0.0,0.0,0.0,1.0,1.0,1.0,0.0,1.0,0.0,1.0,1.0,0.0,1.0,0.717,-3.035686766591895,12
129,"[28, 29, 28, 13, 5]",O=C(Nc1ccc(NC(=O)NC(=O)c2ccc(C(=O)Nc3ccc(Nc4ccc5cc([*])ccc5c4)cc3)cc2)cc1)NC(=O)c1ccc(C(=O)[*])cc1,1.0,1.0,1.0,0.0,0.0,1.0,1.0,1.0,0.0,1.0,1.0,1.0,1.0,0.0,0.0,0.0,1.0,1.0,0.0,1.0,0.0,0.0,1.0,0.0,1.0,0.64,-3.037902739347196,12
132,"[29, 3, 8, 29, 25]",O=C([*])Nc1ccc(NC(=O)c2ccc(OC(=O)C(=O)Nc3ccc(NC(=O)c4ccc(C(=O)N[*])cc4)cc3)cc2)cc1,1.0,1.0,1.0,0.0,1.0,0.0,0.0,0.0,1.0,1.0,0.0,1.0,0.0,0.0,0.0,1.0,1.0,1.0,0.0,1.0,1.0,1.0,0.0,0.0,1.0,0.624,-2.7872539577542206,13
134,"[28, 26, 2, 29, 28]",O=C(Nc1ccc(NC(=O)C(=O)c2ccc(C(=O)N[*])cc2)cc1)C=CC#CNc1ccc(C(=O)NC(=O)c2ccc(C(=O)[*])cc2)cc1,1.0,1.0,1.0,0.0,0.0,1.0,1.0,0.0,1.0,0.0,0.0,0.0,0.0,1.0,0.0,1.0,1.0,1.0,0.0,1.0,1.0,1.0,1.0,0.0,0.0,0.788,-3.4986327123482335,13
139,"[28, 29, 30, 12, 29]",O=C([*])Nc1ccc(NC(=O)c2cnc(n3c(=O)c4cc5c(=O)n(C(=O)Nc6ccc(NC(=O)NC(=O)c7ccc(C(=O)[*])cc7)cc6)c(=O)c5cc4c3=O)nc2)cc1,1.0,1.0,1.0,0.0,0.0,1.0,1.0,1.0,0.0,1.0,1.0,1.0,1.0,1.0,0.0,0.0,1.0,1.0,0.0,0.0,1.0,1.0,1.0,0.0,1.0,0.705,-3.682847423404483,13
142,"[29, 3, 9, 29, 25]",O=C([*])Nc1ccc(NC(=O)c2ccc(c3ccc(C(=O)Nc4ccc(NC(=O)c5ccc(C(=O)N[*])cc5)cc4)o3)cc2)cc1,1.0,1.0,1.0,0.0,1.0,0.0,0.0,0.0,1.0,1.0,0.0,1.0,0.0,0.0,1.0,1.0,1.0,1.0,0.0,1.0,1.0,1.0,0.0,0.0,1.0,0.633,-2.7775764538486705,14
153,"[29, 19, 13, 28, 25]",O=C([*])Nc1ccc(NC(=O)C(=O)NNC(=O)Nc2ccc(NC(=O)c3ccc(C(=O)Nc4ccc(C(=O)N[*])cc4)cc3)cc2)cc1,1.0,1.0,1.0,0.0,1.0,1.0,0.0,0.0,1.0,1.0,0.0,1.0,1.0,0.0,1.0,1.0,1.0,1.0,0.0,0.0,1.0,1.0,0.0,0.0,1.0,0.713,-2.8065376908328066,15
162,"[28, 29, 28, 28, 29]",O=C([*])Nc1ccc(NC(=O)NC(=O)c2ccc(C(=O)C(=O)c3ccc(C(=O)NC(=O)Nc4ccc(NC(=O)NC(=O)c5ccc(C(=O)[*])cc5)cc4)cc3)cc2)cc1,1.0,1.0,1.0,0.0,0.0,1.0,1.0,1.0,0.0,1.0,1.0,1.0,1.0,0.0,0.0,1.0,1.0,1.0,0.0,0.0,1.0,1.0,1.0,0.0,1.0,0.795,-2.9469673467552404,16
163,"[28, 26, 0, 29, 25]",O=C(Nc1ccc(NC(=O)c2ccc(C(=O)N[*])cc2)cc1)C=CNc1ccc(C(=O)NC(=O)c2ccc(C(=O)[*])cc2)cc1,1.0,1.0,1.0,0.0,0.0,1.0,1.0,0.0,1.0,0.0,0.0,0.0,0.0,0.0,0.0,1.0,1.0,1.0,0.0,1.0,1.0,1.0,0.0,0.0,1.0,0.824,-2.969987780719725,16
173,"[28, 29, 28, 28, 25]",O=C(Nc1ccc(NC(=O)NC(=O)c2ccc(C(=O)C(=O)c3ccc(C(=O)Nc4ccc(C(=O)N[*])cc4)cc3)cc2)cc1)NC(=O)c1ccc(C(=O)[*])cc1,1.0,1.0,1.0,0.0,0.0,1.0,1.0,1.0,0.0,1.0,1.0,1.0,1.0,0.0,0.0,1.0,1.0,1.0,0.0,0.0,1.0,1.0,0.0,0.0,1.0,0.811,-2.909249959233014,17
176,"[29, 3, 8, 29, 13]",O=C([*])Nc1ccc(NC(=O)c2ccc(OC(=O)C(=O)Nc3ccc(NC(=O)Nc4ccc(N[*])cc4)cc3)cc2)cc1,1.0,1.0,1.0,0.0,1.0,0.0,0.0,0.0,1.0,1.0,0.0,1.0,0.0,0.0,0.0,1.0,1.0,1.0,0.0,1.0,0.0,1.0,1.0,0.0,1.0,0.533,-2.8794523799303846,17
181,"[28, 29, 28, 13, 25]",O=C(Nc1ccc(NC(=O)NC(=O)c2ccc(C(=O)Nc3ccc(Nc4ccc(C(=O)N[*])cc4)cc3)cc2)cc1)NC(=O)c1ccc(C(=O)[*])cc1,1.0,1.0,1.0,0.0,0.0,1.0,1.0,1.0,0.0,1.0,1.0,1.0,1.0,0.0,0.0,0.0,1.0,1.0,0.0,1.0,1.0,1.0,0.0,0.0,1.0,0.855,-2.804324938344836,18
186,"[29, 3, 9, 29, 29]",O=C([*])Nc1ccc(NC(=O)c2ccc(c3ccc(C(=O)Nc4ccc(NC(=O)C(=O)Nc5ccc(NC(=O)[*])cc5)cc4)o3)cc2)cc1,1.0,1.0,1.0,0.0,1.0,0.0,0.0,0.0,1.0,1.0,0.0,1.0,0.0,0.0,1.0,1.0,1.0,1.0,0.0,1.0,1.0,1.0,1.0,0.0,1.0,0.544,-2.847913437938816,18
192,"[29, 3, 13, 29, 13]",O=C([*])Nc1ccc(NC(=O)c2ccc(Nc3ccc(NC(=O)Nc4ccc(NC(=O)Nc5ccc(N[*])cc5)cc4)cc3)cc2)cc1,1.0,1.0,1.0,0.0,1.0,0.0,0.0,0.0,1.0,1.0,0.0,1.0,1.0,0.0,1.0,1.0,1.0,1.0,0.0,1.0,0.0,1.0,1.0,0.0,1.0,0.562,-2.6174390005957786,19
202,"[28, 25, 28, 28, 25]",O=C([*])c1ccc(C(=O)Nc2ccc(C(=O)NNC(=O)c3ccc(C(=O)C(=O)c4ccc(C(=O)Nc5ccc(C(=O)N[*])cc5)cc4)cc3)cc2)cc1,1.0,1.0,1.0,0.0,0.0,1.0,1.0,0.0,0.0,1.0,1.0,1.0,1.0,0.0,0.0,1.0,1.0,1.0,0.0,0.0,1.0,1.0,0.0,0.0,1.0,0.782,-2.7330983483588405,20
207,"[29, 19, 13, 29, 13]",O=C([*])Nc1ccc(NC(=O)C(=O)NNC(=O)Nc2ccc(NC(=O)Nc3ccc(NC(=O)Nc4ccc(N[*])cc4)cc3)cc2)cc1,1.0,1.0,1.0,0.0,1.0,1.0,0.0,0.0,1.0,1.0,0.0,1.0,1.0,0.0,1.0,1.0,1.0,1.0,0.0,1.0,0.0,1.0,1.0,0.0,1.0,0.627,-2.771026784509017,20
208,"[25, 3, 13, 28, 13]",O=C(NNc1ccc(N[*])cc1)c1ccc(C(=O)Nc2ccc(Nc3ccc(NC(=O)c4ccc([*])cc4)cc3)cc2)cc1,1.0,1.0,0.0,0.0,1.0,0.0,0.0,0.0,1.0,1.0,0.0,1.0,1.0,0.0,1.0,1.0,1.0,1.0,0.0,0.0,0.0,1.0,1.0,0.0,1.0,0.514,-2.770154862660954,20
212,"[13, 3, 28, 28, 25]",O=C(N[*])c1ccc(NC(=O)c2ccc(C(=O)C(=O)c3ccc(C(=O)Nc4ccc(Nc5ccc(N[*])cc5)cc4)cc3)cc2)cc1,0.0,1.0,1.0,0.0,1.0,0.0,0.0,0.0,1.0,1.0,1.0,1.0,1.0,0.0,0.0,1.0,1.0,1.0,0.0,0.0,1.0,1.0,0.0,0.0,1.0,0.717,-2.6514865112236734,21
213,"[29, 3, 13, 29, 25]",O=C([*])Nc1ccc(NC(=O)c2ccc(Nc3ccc(NC(=O)Nc4ccc(NC(=O)c5ccc(C(=O)N[*])cc5)cc4)cc3)cc2)cc1,1.0,1.0,1.0,0.0,1.0,0.0,0.0,0.0,1.0,1.0,0.0,1.0,1.0,0.0,1.0,1.0,1.0,1.0,0.0,1.0,1.0,1.0,0.0,0.0,1.0,0.622,-2.590853821375708,21
221,"[29, 3, 28, 28, 25]",O=C([*])Nc1ccc(NC(=O)c2ccc(NC(=O)c3ccc(C(=O)C(=O)c4ccc(C(=O)Nc5ccc(C(=O)N[*])cc5)cc4)cc3)cc2)cc1,1.0,1.0,1.0,0.0,1.0,0.0,0.0,0.0,1.0,1.0,1.0,1.0,1.0,0.0,0.0,1.0,1.0,1.0,0.0,0.0,1.0,1.0,0.0,0.0,1.0,0.782,-2.587784582146055,22
227,"[29, 3, 28, 28, 29]",O=C([*])Nc1ccc(NC(=O)c2ccc(NC(=O)c3ccc(C(=O)C(=O)c4ccc(C(=O)NC(=O)Nc5ccc(NC(=O)[*])cc5)cc4)cc3)cc2)cc1,1.0,1.0,1.0,0.0,1.0,0.0,0.0,0.0,1.0,1.0,1.0,1.0,1.0,0.0,0.0,1.0,1.0,1.0,0.0,0.0,1.0,1.0,1.0,0.0,1.0,0.731,-2.735164489834542,22
231,"[28, 25, 28, 13, 25]",O=C([*])c1ccc(C(=O)Nc2ccc(C(=O)NNC(=O)c3ccc(C(=O)Nc4ccc(Nc5ccc(C(=O)N[*])cc5)cc4)cc3)cc2)cc1,1.0,1.0,1.0,0.0,0.0,1.0,1.0,0.0,0.0,1.0,1.0,1.0,1.0,0.0,0.0,0.0,1.0,1.0,0.0,1.0,1.0,1.0,0.0,0.0,1.0,0.87,-2.6271357456390785,23
235,"[29, 3, 28, 29, 25]",O=C([*])Nc1ccc(NC(=O)c2ccc(NC(=O)c3ccc(C(=O)C(=O)Nc4ccc(NC(=O)c5ccc(C(=O)N[*])cc5)cc4)cc3)cc2)cc1,1.0,1.0,1.0,0.0,1.0,0.0,0.0,0.0,1.0,1.0,1.0,1.0,1.0,0.0,0.0,1.0,1.0,1.0,0.0,1.0,1.0,1.0,0.0,0.0,1.0,0.784,-2.6536236186424578,23
239,"[13, 3, 13, 29, 25]",O=C(Nc1ccc(NC(=O)c2ccc(C(=O)N[*])cc2)cc1)Nc1ccc(Nc2ccc(Nc3ccc(N[*])cc3)cc2)cc1,0.0,1.0,1.0,0.0,1.0,0.0,0.0,0.0,1.0,1.0,0.0,1.0,1.0,0.0,1.0,1.0,1.0,1.0,0.0,1.0,1.0,1.0,0.0,0.0,1.0,0.549,-2.59117080558884,23
242,"[29, 3, 29, 29, 25]",O=C([*])Nc1ccc(NC(=O)c2ccc(C(=O)Nc3ccc(NC(=O)C(=O)Nc4ccc(NC(=O)c5ccc(C(=O)N[*])cc5)cc4)cc3)cc2)cc1,1.0,1.0,1.0,0.0,1.0,0.0,0.0,0.0,1.0,1.0,1.0,1.0,1.0,0.0,1.0,1.0,1.0,1.0,0.0,1.0,1.0,1.0,0.0,0.0,1.0,0.746,-2.5617503165351074,24
247,"[28, 29, 29, 29, 25]",O=C(Nc1ccc(NC(=O)C(=O)Nc2ccc(NC(=O)C(=O)Nc3ccc(NC(=O)c4ccc(C(=O)N[*])cc4)cc3)cc2)cc1)NC(=O)c1ccc(C(=O)[*])cc1,1.0,1.0,1.0,0.0,0.0,1.0,1.0,1.0,0.0,1.0,1.0,1.0,1.0,0.0,1.0,1.0,1.0,1.0,0.0,1.0,1.0,1.0,0.0,0.0,1.0,0.829,-2.884938527215777,24
255,"[29, 3, 29, 28, 25]",O=C([*])Nc1ccc(NC(=O)c2ccc(C(=O)Nc3ccc(NC(=O)C(=O)c4ccc(C(=O)Nc5ccc(C(=O)N[*])cc5)cc4)cc3)cc2)cc1,1.0,1.0,1.0,0.0,1.0,0.0,0.0,0.0,1.0,1.0,1.0,1.0,1.0,0.0,1.0,1.0,1.0,1.0,0.0,0.0,1.0,1.0,0.0,0.0,1.0,0.784,-2.6536236186424578,25
263,"[28, 25, 29, 29, 25]",O=C(Nc1ccc(NC(=O)C(=O)Nc2ccc(NC(=O)c3ccc(C(=O)N[*])cc3)cc2)cc1)NC(=O)c1ccc(NC(=O)c2ccc(C(=O)[*])cc2)cc1,1.0,1.0,1.0,0.0,0.0,1.0,1.0,0.0,0.0,1.0,1.0,1.0,1.0,0.0,1.0,1.0,1.0,1.0,0.0,1.0,1.0,1.0,0.0,0.0,1.0,0.871,-2.782984581454688,26
272,"[29, 3, 29, 25, 25]",O=C([*])Nc1ccc(NC(=O)c2ccc(C(=O)Nc3ccc(NC(=O)c4ccc(C(=O)Nc5ccc(C(=O)N[*])cc5)cc4)cc3)cc2)cc1,1.0,1.0,1.0,0.0,1.0,0.0,0.0,0.0,1.0,1.0,1.0,1.0,1.0,0.0,1.0,1.0,1.0,0.0,0.0,1.0,1.0,1.0,0.0,0.0,1.0,0.799,-2.3822421875748336,27
274,"[28, 26, 28, 13, 25]",O=C([*])c1ccc(C(=O)NC(=O)c2ccc(NNC(=O)c3ccc(C(=O)Nc4ccc(Nc5ccc(C(=O)N[*])cc5)cc4)cc3)cc2)cc1,1.0,1.0,1.0,0.0,0.0,1.0,1.0,0.0,1.0,0.0,1.0,1.0,1.0,0.0,0.0,0.0,1.0,1.0,0.0,1.0,1.0,1.0,0.0,0.0,1.0,0.859,-2.8490551542806113,27
283,"[28, 3, 28, 13, 25]",O=C([*])c1ccc(C(=O)Nc2ccc(NC(=O)c3ccc(C(=O)Nc4ccc(Nc5ccc(C(=O)N[*])cc5)cc4)cc3)cc2)cc1,1.0,1.0,1.0,0.0,0.0,0.0,0.0,0.0,1.0,1.0,1.0,1.0,1.0,0.0,0.0,0.0,1.0,1.0,0.0,1.0,1.0,1.0,0.0,0.0,1.0,0.815,-2.4679854792802765,28
285,"[29, 3, 28, 13, 25]",O=C([*])Nc1ccc(NC(=O)c2ccc(NC(=O)c3ccc(C(=O)Nc4ccc(Nc5ccc(C(=O)N[*])cc5)cc4)cc3)cc2)cc1,1.0,1.0,1.0,0.0,1.0,0.0,0.0,0.0,1.0,1.0,1.0,1.0,1.0,0.0,0.0,0.0,1.0,1.0,0.0,1.0,1.0,1.0,0.0,0.0,1.0,0.682,-2.4809884641382176,28
304,"[28, 25, 28, 29, 25]",O=C(Nc1ccc(NC(=O)c2ccc(C(=O)N[*])cc2)cc1)C(=O)c1ccc(C(=O)NNC(=O)c2ccc(NC(=O)c3ccc(C(=O)[*])cc3)cc2)cc1,1.0,1.0,1.0,0.0,0.0,1.0,1.0,0.0,0.0,1.0,1.0,1.0,1.0,0.0,0.0,1.0,1.0,1.0,0.0,1.0,1.0,1.0,0.0,0.0,1.0,0.851,-2.7936920467079407,30
334,"[28, 29, 29, 25, 25]",O=C(Nc1ccc(NC(=O)C(=O)Nc2ccc(NC(=O)c3ccc(C(=O)Nc4ccc(C(=O)N[*])cc4)cc3)cc2)cc1)NC(=O)c1ccc(C(=O)[*])cc1,1.0,1.0,1.0,0.0,0.0,1.0,1.0,1.0,0.0,1.0,1.0,1.0,1.0,0.0,1.0,1.0,1.0,0.0,0.0,1.0,1.0,1.0,0.0,0.0,1.0,0.871,-2.782984581454688,33
340,"[28, 3, 29, 25, 25]",O=C(Nc1ccc(NC(=O)c2ccc(C(=O)Nc3ccc(C(=O)N[*])cc3)cc2)cc1)c1ccc(NC(=O)c2ccc(C(=O)[*])cc2)cc1,1.0,1.0,1.0,0.0,0.0,0.0,0.0,0.0,1.0,1.0,1.0,1.0,1.0,0.0,1.0,1.0,1.0,0.0,0.0,1.0,1.0,1.0,0.0,0.0,1.0,0.882,-2.3667563174336514,34
347,"[25, 3, 29, 25, 25]",O=C(Nc1ccc(NC(=O)c2ccc(C(=O)Nc3ccc(C(=O)N[*])cc3)cc2)cc1)c1ccc(NC(=O)c2ccc([*])cc2)cc1,1.0,1.0,0.0,0.0,1.0,0.0,0.0,0.0,1.0,1.0,1.0,1.0,1.0,0.0,1.0,1.0,1.0,0.0,0.0,1.0,1.0,1.0,0.0,0.0,1.0,0.746,-2.4155710440852243,34
361,"[28, 25, 25, 29, 25]",O=C(Nc1ccc(NC(=O)c2ccc(C(=O)N[*])cc2)cc1)c1ccc(C(=O)NNC(=O)c2ccc(NC(=O)c3ccc(C(=O)[*])cc3)cc2)cc1,1.0,1.0,1.0,0.0,0.0,1.0,1.0,0.0,0.0,1.0,1.0,1.0,0.0,0.0,1.0,1.0,1.0,1.0,0.0,1.0,1.0,1.0,0.0,0.0,1.0,0.884,-2.538388340603767,36
367,"[28, 28, 28, 13, 25]",O=C([*])c1ccc(C(=O)NC(=O)c2ccc(C(=O)NNC(=O)c3ccc(C(=O)Nc4ccc(Nc5ccc(C(=O)N[*])cc5)cc4)cc3)cc2)cc1,1.0,1.0,1.0,0.0,0.0,1.0,1.0,1.0,0.0,0.0,1.0,1.0,1.0,0.0,0.0,0.0,1.0,1.0,0.0,1.0,1.0,1.0,0.0,0.0,1.0,0.857,-2.768557938865616,36
372,"[28, 29, 25, 29, 25]",O=C(Nc1ccc(NC(=O)NC(=O)c2ccc(C(=O)Nc3ccc(NC(=O)c4ccc(C(=O)N[*])cc4)cc3)cc2)cc1)NC(=O)c1ccc(C(=O)[*])cc1,1.0,1.0,1.0,0.0,0.0,1.0,1.0,1.0,0.0,1.0,1.0,1.0,0.0,0.0,1.0,1.0,1.0,1.0,0.0,1.0,1.0,1.0,0.0,0.0,1.0,0.904,-2.7255717966546325,37
394,"[28, 3, 25, 25, 25]",O=C([*])c1ccc(C(=O)Nc2ccc(NC(=O)c3ccc(c4ccc(C(=O)Nc5ccc(C(=O)N[*])cc5)cc4)cc3)cc2)cc1,1.0,1.0,1.0,0.0,0.0,0.0,0.0,0.0,1.0,1.0,1.0,1.0,0.0,0.0,1.0,1.0,1.0,0.0,0.0,1.0,1.0,1.0,0.0,0.0,1.0,0.822,-2.429887788415435,39
395,"[29, 3, 25, 29, 25]",O=C([*])Nc1ccc(NC(=O)c2ccc(NC(=O)c3ccc(C(=O)Nc4ccc(NC(=O)c5ccc(C(=O)N[*])cc5)cc4)cc3)cc2)cc1,1.0,1.0,1.0,0.0,1.0,0.0,0.0,0.0,1.0,1.0,1.0,1.0,0.0,0.0,1.0,1.0,1.0,1.0,0.0,1.0,1.0,1.0,0.0,0.0,1.0,0.799,-2.3822421875748336,39
407,"[28, 3, 29, 29, 25]",O=C(Nc1ccc(NC(=O)c2ccc(C(=O)N[*])cc2)cc1)C(=O)Nc1ccc(NC(=O)c2ccc(NC(=O)c3ccc(C(=O)[*])cc3)cc2)cc1,1.0,1.0,1.0,0.0,0.0,0.0,0.0,0.0,1.0,1.0,1.0,1.0,1.0,0.0,1.0,1.0,1.0,1.0,0.0,1.0,1.0,1.0,0.0,0.0,1.0,0.865,-2.5456071789083214,40
443,"[28, 25, 29, 25, 25]",O=C(Nc1ccc(NC(=O)c2ccc(C(=O)Nc3ccc(C(=O)N[*])cc3)cc2)cc1)NC(=O)c1ccc(NC(=O)c2ccc(C(=O)[*])cc2)cc1,1.0,1.0,1.0,0.0,0.0,1.0,1.0,0.0,0.0,1.0,1.0,1.0,1.0,0.0,1.0,1.0,1.0,0.0,0.0,1.0,1.0,1.0,0.0,0.0,1.0,0.897,-2.6186361775121583,44
474,"[28, 3, 25, 29, 25]",O=C(Nc1ccc(NC(=O)c2ccc(C(=O)N[*])cc2)cc1)c1ccc(C(=O)Nc2ccc(NC(=O)c3ccc(C(=O)[*])cc3)cc2)cc1,1.0,1.0,1.0,0.0,0.0,0.0,0.0,0.0,1.0,1.0,1.0,1.0,0.0,0.0,1.0,1.0,1.0,1.0,0.0,1.0,1.0,1.0,0.0,0.0,1.0,0.882,-2.3667563174336514,47
498,"[28, 13, 25, 29, 25]",O=C(Nc1ccc(NC(=O)c2ccc(C(=O)N[*])cc2)cc1)c1ccc(C(=O)NNc2ccc(NNC(=O)c3ccc(C(=O)[*])cc3)cc2)cc1,1.0,1.0,1.0,0.0,0.0,0.0,1.0,1.0,0.0,1.0,1.0,1.0,0.0,0.0,1.0,1.0,1.0,1.0,0.0,1.0,1.0,1.0,0.0,0.0,1.0,0.873,-2.739115070221011,49
499,"[28, 5, 25, 29, 25]",O=C(Nc1ccc(NC(=O)c2ccc(C(=O)N[*])cc2)cc1)c1ccc(C(=O)Nc2ccc3cc(NC(=O)c4ccc(C(=O)[*])cc4)ccc3c2)cc1,1.0,1.0,1.0,0.0,0.0,0.0,0.0,1.0,0.0,1.0,1.0,1.0,0.0,0.0,1.0,1.0,1.0,1.0,0.0,1.0,1.0,1.0,0.0,0.0,1.0,0.746,-2.6188098473314447,49
509,"[28, 25, 28, 25, 25]",O=C([*])c1ccc(C(=O)Nc2ccc(C(=O)NNC(=O)c3ccc(C(=O)c4ccc(C(=O)Nc5ccc(C(=O)N[*])cc5)cc4)cc3)cc2)cc1,1.0,1.0,1.0,0.0,0.0,1.0,1.0,0.0,0.0,1.0,1.0,1.0,1.0,0.0,0.0,1.0,1.0,0.0,0.0,1.0,1.0,1.0,0.0,0.0,1.0,0.795,-2.6351661710167686,50
